<globalsave><n>初出茅庐</n><kv k="save" v="2" /><kv k="last_save_index" v="1" /><kv k="total_kill" v="0" /><kv k="yuanbao" v="1009998" /><kv k="dead" v="0" /><kv k="end_count" v="1" /><kv k="max_round" v="2" /><s k="猴抓" v="30" /><s k="雕啄" v="30" /><s k="松风剑法" v="30" /><s k="罗汉拳" v="30" /><s k="袖箭" v="30" /><s k="南山刀法" v="30" /><s k="基础拳法" v="30" /><s k="基础剑法" v="30" /><s k="基础刀法" v="30" /><s k="基础暗器" v="30" /><s k="天罗地网掌" v="30" /><s k="玉蜂针" v="30" /><s k="冰魄银针" v="30" /><s k="玉女剑法" v="30" /><s k="古墓剑法" v="30" /><s k="玉女素心剑" v="30" /><s k="绵掌" v="30" /><s k="绝户虎爪手" v="30" /><s k="太极拳" v="30" /><s k="绕指柔剑" v="30" /><s k="柔云剑法" v="30" /><s k="神门十三剑" v="30" /><s k="太极剑" v="30" /><s k="密宗大手印" v="30" /><s k="无上大力杵" v="30" /><s k="漫天花雨" v="30" /><s k="火焰刀法" v="30" /><s k="血刀大法" v="30" /><s k="昊天掌" v="30" /><s k="空明拳" v="30" /><s k="三花聚顶掌" v="30" /><s k="全真剑法" v="30" /><s k="一剑化三清" v="30" /><s k="七星七绝剑" v="30" /><s k="天山掌法" v="30" /><s k="归藏剑" v="30" /><s k="天山折梅手" v="30" /><s k="天山六阳掌" v="30" /><s k="抽髓掌" v="30" /><s k="三阴蜈蚣爪" v="30" /><s k="劈空掌" v="30" /><s k="弹指神通" v="30" /><s k="碧波掌" v="30" /><s k="旋风扫叶腿" v="30" /><s k="兰花拂穴手" v="30" /><s k="落英神剑掌" v="30" /><s k="玉箫剑法" v="30" /><s k="落英神剑" v="30" /><s k="大紫阳手" v="30" /><s k="大搜魂手" v="30" /><s k="姹女剑法" v="30" /><s k="姹女幽梦剑" v="30" /><s k="青蜂钉" v="30" /><s k="城字十八破" v="30" /><s k="青字九打" v="30" /><s k="摧心掌" v="30" /><s k="青城剑法" v="30" /><s k="雌雄龙虎剑" v="30" /><s k="美女拳法" v="30" /><s k="神女入梦" v="30" /><s k="碧海涛天" v="30" /><s k="空山鸣涧" v="30" /><s k="傲雪惊魂" v="30" /><s k="刹那芳华" v="30" /><s k="女王鞭法" v="30" /><s k="翻云覆雨" v="30" /><s k="淫欲高潮" v="30" /><s k="九宫飞星" v="30" /><s k="唐家毒镖" v="30" /><s k="含沙射影" v="30" /><s k="透骨钉" v="30" /><s k="暴雨梨花针" v="30" /><s k="星罗密布" v="30" /><s k="飞鸟裂天" v="30" /><s k="纵鹤擒龙" v="30" /><s k="影扇功" v="30" /><s k="唐家刀法" v="30" /><s k="霹雳刀法" v="30" /><s k="霹雳雷火刀" v="30" /><s k="太祖长拳" v="30" /><s k="万劫刀法" v="30" /><s k="疯魔杖法" v="30" /><s k="柴山十八路" v="30" /><s k="青蟒剑法" v="30" /><s k="三分剑法" v="30" /><s k="草原刀法" v="30" /><s k="飘雪穿云掌" v="30" /><s k="冲灵剑法" v="30" /><s k="拂尘" v="30" /><s k="蛇鹤八打" v="30" /><s k="雷震剑法" v="30" /><s k="百花错拳" v="30" /><s k="玄虚刀法" v="30" /><s k="毒龙鞭法" v="30" /><s k="流星锤" v="30" /><s k="伏虎掌" v="30" /><s k="韦陀棍" v="30" /><s k="小洪拳" v="30" /><s k="参合指" v="30" /><s k="八卦游身掌" v="30" /><s k="八卦刀法" v="30" /><s k="大剪刀" v="30" /><s k="盾术" v="30" /><s k="海叟钓法" v="30" /><s k="灵蛇拳" v="30" /><s k="神驼雪山掌" v="30" /><s k="灵蛇杖法" v="30" /><s k="寒冰绵掌" v="30" /><s k="四象掌" v="30" /><s k="五毒神掌" v="30" /><s k="峨眉剑法" v="30" /><s k="无量剑法" v="30" /><s k="天龙剑法" v="30" /><s k="狂风刀法" v="30" /><s k="飞沙走石十三式" v="30" /><s k="佛光普照" v="30" /><s k="阴阳倒乱刃" v="30" /><s k="铁剑剑法" v="30" /><s k="雪山剑法" v="30" /><s k="如来千手法" v="30" /><s k="化骨绵掌" v="30" /><s k="须弥山掌" v="30" /><s k="大洪拳" v="30" /><s k="雁行刀" v="30" /><s k="七弦无形剑" v="30" /><s k="鹰爪功" v="30" /><s k="碧针清掌" v="30" /><s k="蓬莱剑法" v="30" /><s k="太白剑法" v="30" /><s k="上清剑法" v="30" /><s k="金乌刀法" v="30" /><s k="日月鞭法" v="30" /><s k="日月神掌" v="30" /><s k="金蛇游身掌" v="30" /><s k="金蛇锥" v="30" /><s k="伏魔棍" v="30" /><s k="达摩剑法" v="30" /><s k="般若掌" v="30" /><s k="龙爪手" v="30" /><s k="大金刚掌" v="30" /><s k="袖里乾坤" v="30" /><s k="天竺佛指" v="30" /><s k="伏魔杖法" v="30" /><s k="拈花指" v="30" /><s k="燃木刀法" v="30" /><s k="岳家枪法" v="30" /><s k="黑血神针" v="30" /><s k="七伤摧魂针" v="30" /><s k="铁掌" v="30" /><s k="庖丁解牛" v="30" /><s k="两仪剑法" v="30" /><s k="反两仪刀法" v="30" /><s k="青莲掌法" v="30" /><s k="九阴白骨爪" v="30" /><s k="日月神鞭" v="30" /><s k="一阳指" v="30" /><s k="倚天屠龙笔法" v="30" /><s k="幻阴指" v="30" /><s k="混元掌" v="30" /><s k="破玉拳" v="30" /><s k="碧落苍穹" v="30" /><s k="大力金刚指" v="30" /><s k="苗家剑法" v="30" /><s k="连城剑法" v="30" /><s k="药王神掌" v="30" /><s k="玄冥神掌" v="30" /><s k="六脉神剑" v="30" /><s k="灵犀一指" v="30" /><s k="天魔掌法" v="30" /><s k="黯然销魂掌" v="30" /><s k="胡家刀法" v="30" /><s k="噬魂心掌" v="30" /><s k="九剑飘吟" v="30" /><s k="金蛇剑法" v="30" /><s k="辟邪剑法" v="30" /><s k="夫妻刀法" v="30" /><s k="鸳鸯刀法" v="30" /><s k="打狗棒法" v="30" /><s k="斗转星移" v="30" /><s k="如来神掌" v="30" /><s k="天山剑法" v="30" /><s k="须弥剑法" v="30" /><s k="芸仙剑法" v="30" /><s k="丹凤剑法" v="30" /><s k="飞燕剑法" v="30" /><s k="玄铁剑法" v="30" /><s k="莲花落" v="30" /><s k="排云双掌" v="30" /><s k="擒龙功" v="30" /><s k="降龙十八掌" v="30" /><s k="独孤九剑" v="30" /><s k="烈焰黑枪" v="30" /><s k="烈焰黑剑" v="30" /><s k="越女剑法" v="30" /><s k="忘情剑" v="30" /><s k="松鼠剑法" v="30" /><s k="墨拳" v="30" /><s k="墨剑" v="30" /><s k="缚星锁" v="30" /><s k="野球拳" v="30" /><s k="流星箭法" v="30" /><s k="射日箭法" v="30" /><s k="居合斩" v="30" /><s k="夜叉探海" v="30" /><s k="银月勾魂" v="30" /><s k="修罗灭" v="30" /><s k="气剑指" v="30" /><s k="斩龙诀" v="30" /><s k="风花雪月" v="30" /><s k="广寒月波" v="30" /><s k="天子剑法" v="30" /><s k="回风拂柳刀" v="30" /><s k="葵花诀" v="30" /><s k="飘渺无影剑" v="30" /><s k="大鹏金翅功" v="30" /><s k="蚊须针" v="30" /><s k="不死七幻" v="30" /><s k="天心莲环" v="30" /><s k="魔心莲环" v="30" /><s k="紫气天罗" v="30" /><s k="惊鸿刀法" v="30" /><s k="搜心剑法" v="30" /><s k="百变菱枪" v="30" /><s k="胭脂血" v="30" /><s k="穿云掌" v="30" /><s k="巫蛊术" v="30" /><s k="天蛇杖法" v="30" /><s k="御剑术" v="30" /><s k="烈鹰爪" v="30" /><s k="水月剑法" v="30" /><s k="通天神臂" v="30" /><s k="未知武功" v="30" /><s k="疯狂咬杀" v="30" /><s k="奇毒天镖" v="30" /><s k="幽冥鬼爪" v="30" /><s k="千尸万毒掌" v="30" /><s k="弦月斩" v="30" /><s k="武神" v="30" /><s k="雷神" v="30" /><s k="天雷破" v="30" /><s k="狂风快剑" v="30" /><s k="夺命连环三仙剑" v="30" /><s k="霸王枪法" v="30" /><s k="书生夺命剑" v="30" /><s k="面目全非脚" v="30" /><s k="华山剑法" v="30" /><s k="太岳三清风" v="30" /><s k="天外飞龙" v="30" /><s k="恒山剑法" v="30" /><s k="小梅花剑" v="30" /><s k="万花剑法" v="30" /><s k="天长掌法" v="30" /><s k="衡山剑法" v="30" /><s k="百变千幻云雾十三式" v="30" /><s k="回风落雁剑" v="30" /><s k="泰山剑法" v="30" /><s k="七星落长空" v="30" /><s k="岱宗如何" v="30" /><s k="嵩山剑法" v="30" /><s k="九曲剑" v="30" /><s k="子午十二剑" v="30" /><s k="五岳剑法" v="30" /><s k="大嵩阳手" v="30" /><s k="托塔手" v="30" /><s k="寒冰神掌" v="30" /><s k="街舞剑法" v="30" /><s k="流影葬剑" v="30" /><s k="六道归尘" v="30" /><s k="业火红莲" v="30" /><s k="洪荒浩焰" v="30" /><s k="玄冰碎玉" v="30" /><s k="霜天蔽日" v="30" /><s k="血煞掌" v="30" /><s k="百鬼化骨掌" v="30" /><s k="野鬼毒砂" v="30" /><s k="黑血断肠钉" v="30" /><s k="鬼面追魂剑" v="30" /><s k="天机剑法" v="30" /><s k="赤精斩蛇" v="30" /><s k="太乙分光剑" v="30" /><s k="穿花蝶影" v="30" /><s k="灵枢定玄指" v="30" /><s k="天机三十六绝" v="30" /><s k="七伤拳" v="30" /><s k="阴阳磨" v="30" /><s k="基本内功" v="31" /><s k="血刀心法" v="30" /><s k="全真心法" v="30" /><s k="天山心法" v="30" /><s k="武当心法" v="30" /><s k="青城内功" v="30" /><s k="蓬莱内功" v="30" /><s k="星宿心法" v="30" /><s k="石梁心法" v="30" /><s k="少林心法" v="30" /><s k="段氏心法" v="30" /><s k="化功大法" v="30" /><s k="三苦神功" v="30" /><s k="天山剑法决" v="30" /><s k="少林九阳功" v="30" /><s k="武当九阳功" v="30" /><s k="峨眉九阳功" v="30" /><s k="玉女心经" v="30" /><s k="罗汉伏魔功" v="30" /><s k="蛤蟆功" v="30" /><s k="小无相功" v="30" /><s k="太极神功" v="30" /><s k="北冥神功" v="30" /><s k="控鹤功" v="30" /><s k="无妄神功" v="30" /><s k="太玄神功" v="30" /><s k="血海魔功" v="30" /><s k="混元功" v="30" /><s k="日月心经" v="30" /><s k="八荒六合唯我独尊功" v="30" /><s k="神照功" v="30" /><s k="先天功" v="30" /><s k="纯阳无极功" v="30" /><s k="龙象般若功" v="30" /><s k="铁血大旗功" v="30" /><s k="圣火令神功" v="30" /><s k="易筋经" v="30" /><s k="九阴神功" v="30" /><s k="逆运九阴神功" v="30" /><s k="九阳神功" v="30" /><s k="葵花宝典" v="30" /><s k="黑炎心法" v="30" /><s k="道心种魔大法" v="30" /><s k="御女心经" v="30" /><s k="姹女魔功" v="30" /><s k="天地交征阴阳大悲赋" v="30" /><s k="墨阴神功" v="30" /><s k="墨阳神功" v="30" /><s k="梵文总纲" v="30" /><s k="玉女神功" v="30" /><s k="丐帮心法" v="30" /><s k="混天功" v="30" /><s k="斗转星移心法" v="30" /><s k="心合意气流" v="30" /><s k="冰火玄功" v="30" /><s k="霹雳心法" v="30" /><s k="万花离经" v="30" /><s k="修罗霸凤功" v="30" /><s k="林家心法" v="30" /><s k="神水内功" v="30" /><s k="逝水神诀" v="30" /><s k="吸精魔功" v="30" /><s k="明月功" v="30" /><s k="龙神功" v="30" /><s k="降魔功" v="30" /><s k="云雨双修大法" v="30" /><s k="淫水喷潮" v="30" /><s k="灵神功" v="30" /><s k="天魔大法" v="30" /><s k="飘渺剑诀" v="30" /><s k="侠客内功" v="30" /><s k="飞狐神功" v="30" /><s k="逍遥燕行式" v="30" /><s k="日月神功" v="30" /><s k="碧海潮生曲" v="30" /><s k="不死印法" v="30" /><s k="九邪御神决" v="30" /><s k="凤凰决" v="30" /><s k="冰心诀" v="30" /><s k="镇压山峦十二法门" v="30" /><s k="蜀山剑典" v="30" /><s k="水月仙决" v="30" /><s k="梦蛇" v="30" /><s k="中星位" v="30" /><s k="未知内功" v="30" /><s k="虎啸功" v="30" /><s k="轩辕御龙诀" v="30" /><s k="唐门心法" v="30" /><s k="惊羽诀" v="30" /><s k="天罗诡道" v="30" /><s k="天魔无相" v="30" /><s k="嵩山心法" v="30" /><s k="寒冰真气" v="30" /><s k="五岳心经" v="30" /><s k="恒山心法" v="30" /><s k="小周天通脉法" v="30" /><s k="紫霞神功" v="30" /><s k="狼骑士之心" v="30" /><s k="寒玉决" v="30" /><s k="焚天功" v="30" /><s k="太阴炼形" v="30" /><s k="血染山河" v="30" /><s k="血童大法" v="30" /><s k="血童不死身" v="30" /><s k="天机内功" v="30" /><s k="无量功" v="30" /><s k="破羽诀" v="30" /><s k="诸子剑典" v="30" /><s k="诸天星算" v="30" /><s k="七星回天阵" v="30" /><s k="铁指功" v="30" /><s k="武当长拳" v="30" /><s k="破莲八着" v="30" /><s k="墨拳.墨印八方" v="30" /><s k="墨拳.墨影连珠" v="30" /><s k="蚩尤武诀" v="30" /><s k="玄冰神掌" v="30" /><s k="奎木风雷掌" v="30" /><s k="星日掌" v="30" /><s k="翼火掌" v="30" /><s k="墨日掌" v="30" /><s k="鬼金缚神掌" v="30" /><s k="柳土寒冰掌" v="30" /><s k="牛金星陨掌" v="30" /><s k="绝义黑剑" v="30" /><s k="躺尸剑法" v="30" /><s k="飞剑术" v="30" /><s k="修脚剑法" v="30" /><s k="铸剑剑法" v="30" /><s k="千锤百炼剑法" v="30" /><s k="湛卢显威剑" v="30" /><s k="巨阙千钧剑" v="30" /><s k="鱼肠逆杀剑" v="30" /><s k="胜邪残心剑" v="30" /><s k="纯钧剑气" v="30" /><s k="墨剑.风萧萧" v="30" /><s k="墨剑.易水寒" v="30" /><s k="惊龙剑诀" v="30" /><s k="箕水剑" v="30" /><s k="心月剑" v="30" /><s k="角木刺" v="30" /><s k="氐士雷霆刺" v="30" /><s k="参水阳春剑" v="30" /><s k="金蟾刀法" v="30" /><s k="血煞刀法" v="30" /><s k="绝情金刀" v="30" /><s k="房日烈虎刀" v="30" /><s k="昂日刀" v="30" /><s k="毕月刀" v="30" /><s k="胃土爆裂刀" v="30" /><s k="觜火旋风斩" v="30" /><s k="室火毒炎刀" v="30" /><s k="杯弓蛇影" v="30" /><s k="缚星锁.长空飞墨" v="30" /><s k="恒古兽吼" v="30" /><s k="亢金地煞符" v="30" /><s k="尾火炎龙针" v="30" /><s k="娄金锤" v="30" /><s k="井木八仙扇" v="30" /><s k="张月流云袖" v="30" /><s k="轸水离合环" v="30" /><s k="危月箭" v="30" /><s k="虚日箭" v="30" /><s k="斗木棍" v="30" /><s k="女土红云针" v="30" /><s k="壁水归流箭" v="30" /><s k="书生笔法" v="30" /><s k="忘我笔法" v="30" /><s k="笔画春秋" v="30" /><s k="江湖心法" v="30" /><s k="狂风心法" v="30" /><s k="先天太极功" v="30" /><s k="太白心法" v="30" /><s k="金刚灌顶功" v="30" /><s k="洗髓经" v="30" /><s k="六艺" v="30" /><s k="桃花内功" v="30" /><s k="天一心法" v="30" /><s k="御剑入门" v="30" /><s k="业道无常" v="30" /><s k="WLJ未来科技" v="30" /><s k="龙泉铸剑" v="30" /><s k="七星炼魂" v="30" /><s k="祭魂生威" v="30" /><s k="绝情功" v="30" /><s k="闭穴功" v="30" /><s k="墨家吐纳法" v="30" /><s k="千机巧变" v="30" /><s k="兼爱非攻" v="30" /><s k="汉家松鼠" v="30" /><s k="越女心经" v="30" /><s k="九黎神功" v="30" /><s k="逐日九州" v="30" /><s k="五毒内功" v="30" /><s k="圣蝎引" v="30" /><s k="灵蛇引" v="30" /><s k="天蛛引" v="30" /><s k="玉蟾引" v="30" /><s k="风蜈引" v="30" /><s k="五毒秘传" v="30" /><s k="毒王心经" v="30" /><s k="独孤剑意-利剑" v="30" /><s k="独孤剑意-重剑" v="30" /><s k="独孤剑意-无剑" v="30" /><s k="辟邪剑诀" v="30" /><s k="冰玄劲" v="30" /><s k="踏雪无痕" v="30" /><s k="凤舞九天" v="30" /><s k="龙腾四海" v="30" /><s k="青蝠纵翼功" v="30" /><s k="忘我无形功" v="30" /><s k="星辰神功" v="30" /><s k="四灵真诀" v="30" /><s k="四灵星河图" v="30" /><s k="三垣心法" v="30" /><s k="三垣瞾世" v="30" /><s k="蝎尾针" v="30" /><s k="金蜈钩" v="30" /><s k="软红蛛索" v="30" /><s k="锦绣针法" v="30" /><s k="唐家枪法" v="30" /><s k="缚星锁.数墨寻行" v="30" /><s k="冰虎噬吼" v="30" /><s k="熊抓" v="30" /><s k="白虹掌力" v="30" /><s k="绿波掌法" v="30" /><s k="蛟龙腿法" v="30" /><s k="蛟龙神爪" v="30" /><s k="心魔变身" v="30" /><s k="军阵剑术" v="30" /><s k="横扫千军" v="30" /><s k="越女剑法-仿" v="30" /><s k="黑炎剑法" v="30" /><s k="行云剑法" v="30" /><s k="覆雨剑法" v="30" /><s k="一字电剑" v="30" /><s k="周公剑法" v="30" /><s k="长白剑法" v="30" /><s k="紫薇刀法" v="30" /><s k="太微刀法" v="30" /><s k="天市刀法" v="30" /><s k="绿波刀法" v="30" /><s k="军阵箭术-疾" v="30" /><s k="军阵箭术-破" v="30" /><s k="凤凰箭法" v="30" /><s k="黑炎枪法" v="30" /><s k="铁鳌锤法" v="30" /><s k="少阳神功" v="30" /><s k="鲲鹏展翅天地逍遥功" v="30" /><s k="蛇行狸翻" v="30" /><s k="崭露头角" v="30" /><s k="名动四方" v="30" /><s k="凤凰九诀" v="30" /><s k="灵煞功" v="30" /><s k="覆雨剑诀" v="30" /><s k="慧剑心经" v="30" /><s k="蛟王心法" v="30" /></globalsave>